consumer_id,timestamp,kwh,area,tariff_type
C001,2025-12-15,5.83,Ward-A,Home
C001,2025-12-16,7.33,Ward-A,Home
C001,2025-12-17,7.29,Ward-A,Home
C001,2025-12-18,8.06,Ward-A,Home
C001,2025-12-19,6.39,Ward-A,Home
C001,2025-12-20,6.45,Ward-A,Home
C001,2025-12-21,6.4,Ward-A,Home
C001,2025-12-22,6.03,Ward-A,Home
C001,2025-12-23,4.25,Ward-A,Home
C001,2025-12-24,7.99,Ward-A,Home
C001,2025-12-25,7.85,Ward-A,Home
C001,2025-12-26,5.4,Ward-A,Home
C001,2025-12-27,6.55,Ward-A,Home
C001,2025-12-28,6.22,Ward-A,Home
C001,2025-12-29,6.26,Ward-A,Home
C001,2025-12-30,4.75,Ward-A,Home
C001,2025-12-31,6.34,Ward-A,Home
C001,2026-01-01,7.62,Ward-A,Home
C001,2026-01-02,9.68,Ward-A,Home
C001,2026-01-03,7.41,Ward-A,Home
C001,2026-01-04,7.12,Ward-A,Home
C001,2026-01-05,6.46,Ward-A,Home
C001,2026-01-06,6.37,Ward-A,Home
C001,2026-01-07,7.99,Ward-A,Home
C001,2026-01-08,7.3,Ward-A,Home
C001,2026-01-09,6.33,Ward-A,Home
C001,2026-01-10,5.92,Ward-A,Home
C001,2026-01-11,6.83,Ward-A,Home
C001,2026-01-12,6.44,Ward-A,Home
C001,2026-01-13,6.99,Ward-A,Home
C002,2025-12-15,12.67,Ward-B,Home
C002,2025-12-16,9.21,Ward-B,Home
C002,2025-12-17,11.63,Ward-B,Home
C002,2025-12-18,7.96,Ward-B,Home
C002,2025-12-19,9.03,Ward-B,Home
C002,2025-12-20,11.61,Ward-B,Home
C002,2025-12-21,12.52,Ward-B,Home
C002,2025-12-22,11.56,Ward-B,Home
C002,2025-12-23,11.08,Ward-B,Home
C002,2025-12-24,10.77,Ward-B,Home
C002,2025-12-25,8.77,Ward-B,Home
C002,2025-12-26,10.06,Ward-B,Home
C002,2025-12-27,10.5,Ward-B,Home
C002,2025-12-28,13.06,Ward-B,Home
C002,2025-12-29,11.86,Ward-B,Home
C002,2025-12-30,0.65,Ward-B,Home
C002,2025-12-31,2.4,Ward-B,Home
C002,2026-01-01,2.61,Ward-B,Home
C002,2026-01-02,0.8,Ward-B,Home
C002,2026-01-03,2.28,Ward-B,Home
C002,2026-01-04,0.55,Ward-B,Home
C002,2026-01-05,1.47,Ward-B,Home
C002,2026-01-06,2.36,Ward-B,Home
C002,2026-01-07,2.22,Ward-B,Home
C002,2026-01-08,1.83,Ward-B,Home
C002,2026-01-09,2.25,Ward-B,Home
C002,2026-01-10,2.05,Ward-B,Home
C002,2026-01-11,1.83,Ward-B,Home
C002,2026-01-12,0.76,Ward-B,Home
C002,2026-01-13,0.63,Ward-B,Home
C003,2025-12-15,9.22,Ward-E,Home
C003,2025-12-16,6.38,Ward-E,Home
C003,2025-12-17,8.79,Ward-E,Home
C003,2025-12-18,9.58,Ward-E,Home
C003,2025-12-19,11.11,Ward-E,Home
C003,2025-12-20,8.38,Ward-E,Home
C003,2025-12-21,7.99,Ward-E,Home
C003,2025-12-22,8.41,Ward-E,Home
C003,2025-12-23,10.34,Ward-E,Home
C003,2025-12-24,9.54,Ward-E,Home
C003,2025-12-25,8.37,Ward-E,Home
C003,2025-12-26,9.79,Ward-E,Home
C003,2025-12-27,9.22,Ward-E,Home
C003,2025-12-28,10.41,Ward-E,Home
C003,2025-12-29,8.13,Ward-E,Home
C003,2025-12-30,8.64,Ward-E,Home
C003,2025-12-31,8.56,Ward-E,Home
C003,2026-01-01,7.1,Ward-E,Home
C003,2026-01-02,9.5,Ward-E,Home
C003,2026-01-03,9.45,Ward-E,Home
C003,2026-01-04,9.1,Ward-E,Home
C003,2026-01-05,8.77,Ward-E,Home
C003,2026-01-06,7.16,Ward-E,Home
C003,2026-01-07,8.52,Ward-E,Home
C003,2026-01-08,8.62,Ward-E,Home
C003,2026-01-09,8.0,Ward-E,Home
C003,2026-01-10,8.87,Ward-E,Home
C003,2026-01-11,9.64,Ward-E,Home
C003,2026-01-12,11.66,Ward-E,Home
C003,2026-01-13,9.33,Ward-E,Home
C004,2025-12-15,6.89,Ward-A,Home
C004,2025-12-16,5.17,Ward-A,Home
C004,2025-12-17,5.8,Ward-A,Home
C004,2025-12-18,5.88,Ward-A,Home
C004,2025-12-19,7.02,Ward-A,Home
C004,2025-12-20,6.46,Ward-A,Home
C004,2025-12-21,6.23,Ward-A,Home
C004,2025-12-22,6.91,Ward-A,Home
C004,2025-12-23,7.4,Ward-A,Home
C004,2025-12-24,6.64,Ward-A,Home
C004,2025-12-25,17.26,Ward-A,Home
C004,2025-12-26,22.51,Ward-A,Home
C004,2025-12-27,24.21,Ward-A,Home
C004,2025-12-28,13.47,Ward-A,Home
C004,2025-12-29,17.92,Ward-A,Home
C004,2025-12-30,8.34,Ward-A,Home
C004,2025-12-31,7.52,Ward-A,Home
C004,2026-01-01,9.18,Ward-A,Home
C004,2026-01-02,5.88,Ward-A,Home
C004,2026-01-03,6.32,Ward-A,Home
C004,2026-01-04,7.01,Ward-A,Home
C004,2026-01-05,6.39,Ward-A,Home
C004,2026-01-06,5.3,Ward-A,Home
C004,2026-01-07,6.98,Ward-A,Home
C004,2026-01-08,5.81,Ward-A,Home
C004,2026-01-09,7.4,Ward-A,Home
C004,2026-01-10,5.96,Ward-A,Home
C004,2026-01-11,8.52,Ward-A,Home
C004,2026-01-12,6.1,Ward-A,Home
C004,2026-01-13,6.58,Ward-A,Home
C005,2025-12-15,40.81,Ward-E,Small_Industry
C005,2025-12-16,46.71,Ward-E,Small_Industry
C005,2025-12-17,49.87,Ward-E,Small_Industry
C005,2025-12-18,46.52,Ward-E,Small_Industry
C005,2025-12-19,51.94,Ward-E,Small_Industry
C005,2025-12-20,59.54,Ward-E,Small_Industry
C005,2025-12-21,41.02,Ward-E,Small_Industry
C005,2025-12-22,41.79,Ward-E,Small_Industry
C005,2025-12-23,33.8,Ward-E,Small_Industry
C005,2025-12-24,50.82,Ward-E,Small_Industry
C005,2025-12-25,172.37,Ward-E,Small_Industry
C005,2025-12-26,124.93,Ward-E,Small_Industry
C005,2025-12-27,100.17,Ward-E,Small_Industry
C005,2025-12-28,114.34,Ward-E,Small_Industry
C005,2025-12-29,89.78,Ward-E,Small_Industry
C005,2025-12-30,48.6,Ward-E,Small_Industry
C005,2025-12-31,45.01,Ward-E,Small_Industry
C005,2026-01-01,38.5,Ward-E,Small_Industry
C005,2026-01-02,55.18,Ward-E,Small_Industry
C005,2026-01-03,46.18,Ward-E,Small_Industry
C005,2026-01-04,35.41,Ward-E,Small_Industry
C005,2026-01-05,47.36,Ward-E,Small_Industry
C005,2026-01-06,36.81,Ward-E,Small_Industry
C005,2026-01-07,48.21,Ward-E,Small_Industry
C005,2026-01-08,50.61,Ward-E,Small_Industry
C005,2026-01-09,37.81,Ward-E,Small_Industry
C005,2026-01-10,49.35,Ward-E,Small_Industry
C005,2026-01-11,45.79,Ward-E,Small_Industry
C005,2026-01-12,48.43,Ward-E,Small_Industry
C005,2026-01-13,55.39,Ward-E,Small_Industry
C006,2025-12-15,12.2,Ward-E,Shop
C006,2025-12-16,17.99,Ward-E,Shop
C006,2025-12-17,20.38,Ward-E,Shop
C006,2025-12-18,18.44,Ward-E,Shop
C006,2025-12-19,24.05,Ward-E,Shop
C006,2025-12-20,15.23,Ward-E,Shop
C006,2025-12-21,11.85,Ward-E,Shop
C006,2025-12-22,20.76,Ward-E,Shop
C006,2025-12-23,19.92,Ward-E,Shop
C006,2025-12-24,22.53,Ward-E,Shop
C006,2025-12-25,15.21,Ward-E,Shop
C006,2025-12-26,21.78,Ward-E,Shop
C006,2025-12-27,15.07,Ward-E,Shop
C006,2025-12-28,18.55,Ward-E,Shop
C006,2025-12-29,15.71,Ward-E,Shop
C006,2025-12-30,22.63,Ward-E,Shop
C006,2025-12-31,21.73,Ward-E,Shop
C006,2026-01-01,18.6,Ward-E,Shop
C006,2026-01-02,13.44,Ward-E,Shop
C006,2026-01-03,23.21,Ward-E,Shop
C006,2026-01-04,20.85,Ward-E,Shop
C006,2026-01-05,17.85,Ward-E,Shop
C006,2026-01-06,22.04,Ward-E,Shop
C006,2026-01-07,18.51,Ward-E,Shop
C006,2026-01-08,16.56,Ward-E,Shop
C006,2026-01-09,16.69,Ward-E,Shop
C006,2026-01-10,14.28,Ward-E,Shop
C006,2026-01-11,14.71,Ward-E,Shop
C006,2026-01-12,12.97,Ward-E,Shop
C006,2026-01-13,14.64,Ward-E,Shop
C007,2025-12-15,3.99,Ward-C,Home
C007,2025-12-16,5.0,Ward-C,Home
C007,2025-12-17,4.34,Ward-C,Home
C007,2025-12-18,3.6,Ward-C,Home
C007,2025-12-19,3.84,Ward-C,Home
C007,2025-12-20,4.74,Ward-C,Home
C007,2025-12-21,3.83,Ward-C,Home
C007,2025-12-22,4.44,Ward-C,Home
C007,2025-12-23,4.33,Ward-C,Home
C007,2025-12-24,3.88,Ward-C,Home
C007,2025-12-25,5.68,Ward-C,Home
C007,2025-12-26,4.71,Ward-C,Home
C007,2025-12-27,2.99,Ward-C,Home
C007,2025-12-28,4.42,Ward-C,Home
C007,2025-12-29,3.87,Ward-C,Home
C007,2025-12-30,4.85,Ward-C,Home
C007,2025-12-31,3.79,Ward-C,Home
C007,2026-01-01,4.22,Ward-C,Home
C007,2026-01-02,4.62,Ward-C,Home
C007,2026-01-03,4.86,Ward-C,Home
C007,2026-01-04,3.52,Ward-C,Home
C007,2026-01-05,4.08,Ward-C,Home
C007,2026-01-06,3.99,Ward-C,Home
C007,2026-01-07,3.88,Ward-C,Home
C007,2026-01-08,5.44,Ward-C,Home
C007,2026-01-09,4.56,Ward-C,Home
C007,2026-01-10,3.49,Ward-C,Home
C007,2026-01-11,4.89,Ward-C,Home
C007,2026-01-12,5.67,Ward-C,Home
C007,2026-01-13,4.96,Ward-C,Home
C008,2025-12-15,27.15,Ward-B,Small_Industry
C008,2025-12-16,24.64,Ward-B,Small_Industry
C008,2025-12-17,29.4,Ward-B,Small_Industry
C008,2025-12-18,39.05,Ward-B,Small_Industry
C008,2025-12-19,30.4,Ward-B,Small_Industry
C008,2025-12-20,26.22,Ward-B,Small_Industry
C008,2025-12-21,24.57,Ward-B,Small_Industry
C008,2025-12-22,30.01,Ward-B,Small_Industry
C008,2025-12-23,21.37,Ward-B,Small_Industry
C008,2025-12-24,24.54,Ward-B,Small_Industry
C008,2025-12-25,37.55,Ward-B,Small_Industry
C008,2025-12-26,36.54,Ward-B,Small_Industry
C008,2025-12-27,29.9,Ward-B,Small_Industry
C008,2025-12-28,28.36,Ward-B,Small_Industry
C008,2025-12-29,30.76,Ward-B,Small_Industry
C008,2025-12-30,41.23,Ward-B,Small_Industry
C008,2025-12-31,32.34,Ward-B,Small_Industry
C008,2026-01-01,34.65,Ward-B,Small_Industry
C008,2026-01-02,29.56,Ward-B,Small_Industry
C008,2026-01-03,30.77,Ward-B,Small_Industry
C008,2026-01-04,33.45,Ward-B,Small_Industry
C008,2026-01-05,31.07,Ward-B,Small_Industry
C008,2026-01-06,21.81,Ward-B,Small_Industry
C008,2026-01-07,36.35,Ward-B,Small_Industry
C008,2026-01-08,27.68,Ward-B,Small_Industry
C008,2026-01-09,40.15,Ward-B,Small_Industry
C008,2026-01-10,33.63,Ward-B,Small_Industry
C008,2026-01-11,30.81,Ward-B,Small_Industry
C008,2026-01-12,32.5,Ward-B,Small_Industry
C008,2026-01-13,29.99,Ward-B,Small_Industry
C009,2025-12-15,11.02,Ward-C,Home
C009,2025-12-16,11.02,Ward-C,Home
C009,2025-12-17,11.02,Ward-C,Home
C009,2025-12-18,11.02,Ward-C,Home
C009,2025-12-19,11.02,Ward-C,Home
C009,2025-12-20,11.02,Ward-C,Home
C009,2025-12-21,11.02,Ward-C,Home
C009,2025-12-22,11.02,Ward-C,Home
C009,2025-12-23,11.02,Ward-C,Home
C009,2025-12-24,11.02,Ward-C,Home
C009,2025-12-25,11.02,Ward-C,Home
C009,2025-12-26,11.02,Ward-C,Home
C009,2025-12-27,11.02,Ward-C,Home
C009,2025-12-28,11.02,Ward-C,Home
C009,2025-12-29,11.02,Ward-C,Home
C009,2025-12-30,11.02,Ward-C,Home
C009,2025-12-31,11.02,Ward-C,Home
C009,2026-01-01,11.02,Ward-C,Home
C009,2026-01-02,11.02,Ward-C,Home
C009,2026-01-03,11.02,Ward-C,Home
C009,2026-01-04,11.02,Ward-C,Home
C009,2026-01-05,11.02,Ward-C,Home
C009,2026-01-06,11.02,Ward-C,Home
C009,2026-01-07,11.02,Ward-C,Home
C009,2026-01-08,11.02,Ward-C,Home
C009,2026-01-09,11.02,Ward-C,Home
C009,2026-01-10,11.02,Ward-C,Home
C009,2026-01-11,11.02,Ward-C,Home
C009,2026-01-12,11.02,Ward-C,Home
C009,2026-01-13,11.02,Ward-C,Home
C010,2025-12-15,6.82,Ward-A,Home
C010,2025-12-16,6.46,Ward-A,Home
C010,2025-12-17,9.15,Ward-A,Home
C010,2025-12-18,8.25,Ward-A,Home
C010,2025-12-19,5.2,Ward-A,Home
C010,2025-12-20,6.64,Ward-A,Home
C010,2025-12-21,8.4,Ward-A,Home
C010,2025-12-22,5.84,Ward-A,Home
C010,2025-12-23,7.94,Ward-A,Home
C010,2025-12-24,7.83,Ward-A,Home
C010,2025-12-25,6.37,Ward-A,Home
C010,2025-12-26,7.1,Ward-A,Home
C010,2025-12-27,4.88,Ward-A,Home
C010,2025-12-28,9.0,Ward-A,Home
C010,2025-12-29,6.78,Ward-A,Home
C010,2025-12-30,7.97,Ward-A,Home
C010,2025-12-31,7.77,Ward-A,Home
C010,2026-01-01,8.56,Ward-A,Home
C010,2026-01-02,6.65,Ward-A,Home
C010,2026-01-03,7.33,Ward-A,Home
C010,2026-01-04,7.71,Ward-A,Home
C010,2026-01-05,8.04,Ward-A,Home
C010,2026-01-06,8.35,Ward-A,Home
C010,2026-01-07,6.6,Ward-A,Home
C010,2026-01-08,6.4,Ward-A,Home
C010,2026-01-09,8.56,Ward-A,Home
C010,2026-01-10,4.94,Ward-A,Home
C010,2026-01-11,8.79,Ward-A,Home
C010,2026-01-12,6.79,Ward-A,Home
C010,2026-01-13,7.11,Ward-A,Home
C011,2025-12-15,17.85,Ward-C,Shop
C011,2025-12-16,14.92,Ward-C,Shop
C011,2025-12-17,18.36,Ward-C,Shop
C011,2025-12-18,20.95,Ward-C,Shop
C011,2025-12-19,16.75,Ward-C,Shop
C011,2025-12-20,18.06,Ward-C,Shop
C011,2025-12-21,18.79,Ward-C,Shop
C011,2025-12-22,16.0,Ward-C,Shop
C011,2025-12-23,17.6,Ward-C,Shop
C011,2025-12-24,17.06,Ward-C,Shop
C011,2025-12-25,17.28,Ward-C,Shop
C011,2025-12-26,15.06,Ward-C,Shop
C011,2025-12-27,17.09,Ward-C,Shop
C011,2025-12-28,18.3,Ward-C,Shop
C011,2025-12-29,20.74,Ward-C,Shop
C011,2025-12-30,19.48,Ward-C,Shop
C011,2025-12-31,22.53,Ward-C,Shop
C011,2026-01-01,15.07,Ward-C,Shop
C011,2026-01-02,19.26,Ward-C,Shop
C011,2026-01-03,17.5,Ward-C,Shop
C011,2026-01-04,22.62,Ward-C,Shop
C011,2026-01-05,14.97,Ward-C,Shop
C011,2026-01-06,14.88,Ward-C,Shop
C011,2026-01-07,15.5,Ward-C,Shop
C011,2026-01-08,11.6,Ward-C,Shop
C011,2026-01-09,15.69,Ward-C,Shop
C011,2026-01-10,15.09,Ward-C,Shop
C011,2026-01-11,17.41,Ward-C,Shop
C011,2026-01-12,17.9,Ward-C,Shop
C011,2026-01-13,21.82,Ward-C,Shop
C012,2025-12-15,30.12,Ward-A,Small_Industry
C012,2025-12-16,31.78,Ward-A,Small_Industry
C012,2025-12-17,30.83,Ward-A,Small_Industry
C012,2025-12-18,33.88,Ward-A,Small_Industry
C012,2025-12-19,30.65,Ward-A,Small_Industry
C012,2025-12-20,27.19,Ward-A,Small_Industry
C012,2025-12-21,27.43,Ward-A,Small_Industry
C012,2025-12-22,26.56,Ward-A,Small_Industry
C012,2025-12-23,28.97,Ward-A,Small_Industry
C012,2025-12-24,23.17,Ward-A,Small_Industry
C012,2025-12-25,29.16,Ward-A,Small_Industry
C012,2025-12-26,27.38,Ward-A,Small_Industry
C012,2025-12-27,28.89,Ward-A,Small_Industry
C012,2025-12-28,28.9,Ward-A,Small_Industry
C012,2025-12-29,17.53,Ward-A,Small_Industry
C012,2025-12-30,23.99,Ward-A,Small_Industry
C012,2025-12-31,27.29,Ward-A,Small_Industry
C012,2026-01-01,27.51,Ward-A,Small_Industry
C012,2026-01-02,28.82,Ward-A,Small_Industry
C012,2026-01-03,29.0,Ward-A,Small_Industry
C012,2026-01-04,34.05,Ward-A,Small_Industry
C012,2026-01-05,29.04,Ward-A,Small_Industry
C012,2026-01-06,26.44,Ward-A,Small_Industry
C012,2026-01-07,21.08,Ward-A,Small_Industry
C012,2026-01-08,22.04,Ward-A,Small_Industry
C012,2026-01-09,29.97,Ward-A,Small_Industry
C012,2026-01-10,32.15,Ward-A,Small_Industry
C012,2026-01-11,34.15,Ward-A,Small_Industry
C012,2026-01-12,24.29,Ward-A,Small_Industry
C012,2026-01-13,26.47,Ward-A,Small_Industry
C013,2025-12-15,19.67,Ward-A,Shop
C013,2025-12-16,19.67,Ward-A,Shop
C013,2025-12-17,19.67,Ward-A,Shop
C013,2025-12-18,19.67,Ward-A,Shop
C013,2025-12-19,19.67,Ward-A,Shop
C013,2025-12-20,19.67,Ward-A,Shop
C013,2025-12-21,19.67,Ward-A,Shop
C013,2025-12-22,19.67,Ward-A,Shop
C013,2025-12-23,19.67,Ward-A,Shop
C013,2025-12-24,19.67,Ward-A,Shop
C013,2025-12-25,19.67,Ward-A,Shop
C013,2025-12-26,19.67,Ward-A,Shop
C013,2025-12-27,19.67,Ward-A,Shop
C013,2025-12-28,19.67,Ward-A,Shop
C013,2025-12-29,19.67,Ward-A,Shop
C013,2025-12-30,19.67,Ward-A,Shop
C013,2025-12-31,19.67,Ward-A,Shop
C013,2026-01-01,19.67,Ward-A,Shop
C013,2026-01-02,19.67,Ward-A,Shop
C013,2026-01-03,19.67,Ward-A,Shop
C013,2026-01-04,19.67,Ward-A,Shop
C013,2026-01-05,19.67,Ward-A,Shop
C013,2026-01-06,19.67,Ward-A,Shop
C013,2026-01-07,19.67,Ward-A,Shop
C013,2026-01-08,19.67,Ward-A,Shop
C013,2026-01-09,19.67,Ward-A,Shop
C013,2026-01-10,19.67,Ward-A,Shop
C013,2026-01-11,19.67,Ward-A,Shop
C013,2026-01-12,19.67,Ward-A,Shop
C013,2026-01-13,19.67,Ward-A,Shop
C014,2025-12-15,9.3,Ward-E,Shop
C014,2025-12-16,11.95,Ward-E,Shop
C014,2025-12-17,12.39,Ward-E,Shop
C014,2025-12-18,10.65,Ward-E,Shop
C014,2025-12-19,14.57,Ward-E,Shop
C014,2025-12-20,10.6,Ward-E,Shop
C014,2025-12-21,10.39,Ward-E,Shop
C014,2025-12-22,10.34,Ward-E,Shop
C014,2025-12-23,9.78,Ward-E,Shop
C014,2025-12-24,10.2,Ward-E,Shop
C014,2025-12-25,8.74,Ward-E,Shop
C014,2025-12-26,10.82,Ward-E,Shop
C014,2025-12-27,11.23,Ward-E,Shop
C014,2025-12-28,7.32,Ward-E,Shop
C014,2025-12-29,10.97,Ward-E,Shop
C014,2025-12-30,11.21,Ward-E,Shop
C014,2025-12-31,12.0,Ward-E,Shop
C014,2026-01-01,13.15,Ward-E,Shop
C014,2026-01-02,12.56,Ward-E,Shop
C014,2026-01-03,10.1,Ward-E,Shop
C014,2026-01-04,9.91,Ward-E,Shop
C014,2026-01-05,12.11,Ward-E,Shop
C014,2026-01-06,10.22,Ward-E,Shop
C014,2026-01-07,9.09,Ward-E,Shop
C014,2026-01-08,15.1,Ward-E,Shop
C014,2026-01-09,10.62,Ward-E,Shop
C014,2026-01-10,10.09,Ward-E,Shop
C014,2026-01-11,7.48,Ward-E,Shop
C014,2026-01-12,12.56,Ward-E,Shop
C014,2026-01-13,9.49,Ward-E,Shop
C015,2025-12-15,16.32,Ward-A,Home
C015,2025-12-16,13.04,Ward-A,Home
C015,2025-12-17,10.95,Ward-A,Home
C015,2025-12-18,9.56,Ward-A,Home
C015,2025-12-19,8.47,Ward-A,Home
C015,2025-12-20,11.5,Ward-A,Home
C015,2025-12-21,9.9,Ward-A,Home
C015,2025-12-22,8.78,Ward-A,Home
C015,2025-12-23,10.08,Ward-A,Home
C015,2025-12-24,9.35,Ward-A,Home
C015,2025-12-25,13.99,Ward-A,Home
C015,2025-12-26,12.64,Ward-A,Home
C015,2025-12-27,11.15,Ward-A,Home
C015,2025-12-28,13.64,Ward-A,Home
C015,2025-12-29,11.29,Ward-A,Home
C015,2025-12-30,9.72,Ward-A,Home
C015,2025-12-31,13.71,Ward-A,Home
C015,2026-01-01,12.06,Ward-A,Home
C015,2026-01-02,9.43,Ward-A,Home
C015,2026-01-03,10.84,Ward-A,Home
C015,2026-01-04,9.7,Ward-A,Home
C015,2026-01-05,8.85,Ward-A,Home
C015,2026-01-06,12.71,Ward-A,Home
C015,2026-01-07,14.36,Ward-A,Home
C015,2026-01-08,8.82,Ward-A,Home
C015,2026-01-09,12.1,Ward-A,Home
C015,2026-01-10,10.07,Ward-A,Home
C015,2026-01-11,10.35,Ward-A,Home
C015,2026-01-12,10.17,Ward-A,Home
C015,2026-01-13,9.72,Ward-A,Home
C016,2025-12-15,3.36,Ward-C,Home
C016,2025-12-16,5.94,Ward-C,Home
C016,2025-12-17,5.7,Ward-C,Home
C016,2025-12-18,5.32,Ward-C,Home
C016,2025-12-19,5.58,Ward-C,Home
C016,2025-12-20,5.61,Ward-C,Home
C016,2025-12-21,4.8,Ward-C,Home
C016,2025-12-22,4.96,Ward-C,Home
C016,2025-12-23,5.81,Ward-C,Home
C016,2025-12-24,5.55,Ward-C,Home
C016,2025-12-25,7.04,Ward-C,Home
C016,2025-12-26,6.7,Ward-C,Home
C016,2025-12-27,6.14,Ward-C,Home
C016,2025-12-28,4.77,Ward-C,Home
C016,2025-12-29,4.93,Ward-C,Home
C016,2025-12-30,4.58,Ward-C,Home
C016,2025-12-31,5.61,Ward-C,Home
C016,2026-01-01,3.17,Ward-C,Home
C016,2026-01-02,5.02,Ward-C,Home
C016,2026-01-03,5.14,Ward-C,Home
C016,2026-01-04,4.16,Ward-C,Home
C016,2026-01-05,6.03,Ward-C,Home
C016,2026-01-06,4.47,Ward-C,Home
C016,2026-01-07,5.6,Ward-C,Home
C016,2026-01-08,7.64,Ward-C,Home
C016,2026-01-09,4.09,Ward-C,Home
C016,2026-01-10,5.27,Ward-C,Home
C016,2026-01-11,5.06,Ward-C,Home
C016,2026-01-12,4.9,Ward-C,Home
C016,2026-01-13,6.0,Ward-C,Home
C017,2025-12-15,19.82,Ward-A,Shop
C017,2025-12-16,19.82,Ward-A,Shop
C017,2025-12-17,19.82,Ward-A,Shop
C017,2025-12-18,19.82,Ward-A,Shop
C017,2025-12-19,19.82,Ward-A,Shop
C017,2025-12-20,19.82,Ward-A,Shop
C017,2025-12-21,19.82,Ward-A,Shop
C017,2025-12-22,19.82,Ward-A,Shop
C017,2025-12-23,19.82,Ward-A,Shop
C017,2025-12-24,19.82,Ward-A,Shop
C017,2025-12-25,19.82,Ward-A,Shop
C017,2025-12-26,19.82,Ward-A,Shop
C017,2025-12-27,19.82,Ward-A,Shop
C017,2025-12-28,19.82,Ward-A,Shop
C017,2025-12-29,19.82,Ward-A,Shop
C017,2025-12-30,19.82,Ward-A,Shop
C017,2025-12-31,19.82,Ward-A,Shop
C017,2026-01-01,19.82,Ward-A,Shop
C017,2026-01-02,19.82,Ward-A,Shop
C017,2026-01-03,19.82,Ward-A,Shop
C017,2026-01-04,19.82,Ward-A,Shop
C017,2026-01-05,19.82,Ward-A,Shop
C017,2026-01-06,19.82,Ward-A,Shop
C017,2026-01-07,19.82,Ward-A,Shop
C017,2026-01-08,19.82,Ward-A,Shop
C017,2026-01-09,19.82,Ward-A,Shop
C017,2026-01-10,19.82,Ward-A,Shop
C017,2026-01-11,19.82,Ward-A,Shop
C017,2026-01-12,19.82,Ward-A,Shop
C017,2026-01-13,19.82,Ward-A,Shop
C018,2025-12-15,13.0,Ward-B,Shop
C018,2025-12-16,15.15,Ward-B,Shop
C018,2025-12-17,15.29,Ward-B,Shop
C018,2025-12-18,13.68,Ward-B,Shop
C018,2025-12-19,11.69,Ward-B,Shop
C018,2025-12-20,14.06,Ward-B,Shop
C018,2025-12-21,13.82,Ward-B,Shop
C018,2025-12-22,14.63,Ward-B,Shop
C018,2025-12-23,11.71,Ward-B,Shop
C018,2025-12-24,12.67,Ward-B,Shop
C018,2025-12-25,14.51,Ward-B,Shop
C018,2025-12-26,16.01,Ward-B,Shop
C018,2025-12-27,15.44,Ward-B,Shop
C018,2025-12-28,13.65,Ward-B,Shop
C018,2025-12-29,12.5,Ward-B,Shop
C018,2025-12-30,14.3,Ward-B,Shop
C018,2025-12-31,11.28,Ward-B,Shop
C018,2026-01-01,11.83,Ward-B,Shop
C018,2026-01-02,16.54,Ward-B,Shop
C018,2026-01-03,14.3,Ward-B,Shop
C018,2026-01-04,12.78,Ward-B,Shop
C018,2026-01-05,15.16,Ward-B,Shop
C018,2026-01-06,16.09,Ward-B,Shop
C018,2026-01-07,12.58,Ward-B,Shop
C018,2026-01-08,12.62,Ward-B,Shop
C018,2026-01-09,12.37,Ward-B,Shop
C018,2026-01-10,15.43,Ward-B,Shop
C018,2026-01-11,15.45,Ward-B,Shop
C018,2026-01-12,16.29,Ward-B,Shop
C018,2026-01-13,15.52,Ward-B,Shop
C019,2025-12-15,29.67,Ward-C,Small_Industry
C019,2025-12-16,27.3,Ward-C,Small_Industry
C019,2025-12-17,24.61,Ward-C,Small_Industry
C019,2025-12-18,41.1,Ward-C,Small_Industry
C019,2025-12-19,36.86,Ward-C,Small_Industry
C019,2025-12-20,33.29,Ward-C,Small_Industry
C019,2025-12-21,34.98,Ward-C,Small_Industry
C019,2025-12-22,27.9,Ward-C,Small_Industry
C019,2025-12-23,45.88,Ward-C,Small_Industry
C019,2025-12-24,34.22,Ward-C,Small_Industry
C019,2025-12-25,34.12,Ward-C,Small_Industry
C019,2025-12-26,37.22,Ward-C,Small_Industry
C019,2025-12-27,35.99,Ward-C,Small_Industry
C019,2025-12-28,34.7,Ward-C,Small_Industry
C019,2025-12-29,29.59,Ward-C,Small_Industry
C019,2025-12-30,35.94,Ward-C,Small_Industry
C019,2025-12-31,43.04,Ward-C,Small_Industry
C019,2026-01-01,40.34,Ward-C,Small_Industry
C019,2026-01-02,41.59,Ward-C,Small_Industry
C019,2026-01-03,30.99,Ward-C,Small_Industry
C019,2026-01-04,28.59,Ward-C,Small_Industry
C019,2026-01-05,32.93,Ward-C,Small_Industry
C019,2026-01-06,33.85,Ward-C,Small_Industry
C019,2026-01-07,39.08,Ward-C,Small_Industry
C019,2026-01-08,25.05,Ward-C,Small_Industry
C019,2026-01-09,41.27,Ward-C,Small_Industry
C019,2026-01-10,32.77,Ward-C,Small_Industry
C019,2026-01-11,31.42,Ward-C,Small_Industry
C019,2026-01-12,28.47,Ward-C,Small_Industry
C019,2026-01-13,25.24,Ward-C,Small_Industry
C020,2025-12-15,32.28,Ward-A,Small_Industry
C020,2025-12-16,36.59,Ward-A,Small_Industry
C020,2025-12-17,39.8,Ward-A,Small_Industry
C020,2025-12-18,29.33,Ward-A,Small_Industry
C020,2025-12-19,25.9,Ward-A,Small_Industry
C020,2025-12-20,32.13,Ward-A,Small_Industry
C020,2025-12-21,27.79,Ward-A,Small_Industry
C020,2025-12-22,32.69,Ward-A,Small_Industry
C020,2025-12-23,33.4,Ward-A,Small_Industry
C020,2025-12-24,26.82,Ward-A,Small_Industry
C020,2025-12-25,37.47,Ward-A,Small_Industry
C020,2025-12-26,32.65,Ward-A,Small_Industry
C020,2025-12-27,38.85,Ward-A,Small_Industry
C020,2025-12-28,24.18,Ward-A,Small_Industry
C020,2025-12-29,28.33,Ward-A,Small_Industry
C020,2025-12-30,36.03,Ward-A,Small_Industry
C020,2025-12-31,29.43,Ward-A,Small_Industry
C020,2026-01-01,32.61,Ward-A,Small_Industry
C020,2026-01-02,33.44,Ward-A,Small_Industry
C020,2026-01-03,34.23,Ward-A,Small_Industry
C020,2026-01-04,30.04,Ward-A,Small_Industry
C020,2026-01-05,34.18,Ward-A,Small_Industry
C020,2026-01-06,29.51,Ward-A,Small_Industry
C020,2026-01-07,36.82,Ward-A,Small_Industry
C020,2026-01-08,32.86,Ward-A,Small_Industry
C020,2026-01-09,34.21,Ward-A,Small_Industry
C020,2026-01-10,46.32,Ward-A,Small_Industry
C020,2026-01-11,27.88,Ward-A,Small_Industry
C020,2026-01-12,40.4,Ward-A,Small_Industry
C020,2026-01-13,20.1,Ward-A,Small_Industry
C021,2025-12-15,36.82,Ward-E,Small_Industry
C021,2025-12-16,21.37,Ward-E,Small_Industry
C021,2025-12-17,29.42,Ward-E,Small_Industry
C021,2025-12-18,29.29,Ward-E,Small_Industry
C021,2025-12-19,24.47,Ward-E,Small_Industry
C021,2025-12-20,27.4,Ward-E,Small_Industry
C021,2025-12-21,25.85,Ward-E,Small_Industry
C021,2025-12-22,39.17,Ward-E,Small_Industry
C021,2025-12-23,35.37,Ward-E,Small_Industry
C021,2025-12-24,36.94,Ward-E,Small_Industry
C021,2025-12-25,34.38,Ward-E,Small_Industry
C021,2025-12-26,25.77,Ward-E,Small_Industry
C021,2025-12-27,28.58,Ward-E,Small_Industry
C021,2025-12-28,33.3,Ward-E,Small_Industry
C021,2025-12-29,25.33,Ward-E,Small_Industry
C021,2025-12-30,34.34,Ward-E,Small_Industry
C021,2025-12-31,29.9,Ward-E,Small_Industry
C021,2026-01-01,29.28,Ward-E,Small_Industry
C021,2026-01-02,0.0,Ward-E,Small_Industry
C021,2026-01-03,0.0,Ward-E,Small_Industry
C021,2026-01-04,0.0,Ward-E,Small_Industry
C021,2026-01-05,0.0,Ward-E,Small_Industry
C021,2026-01-06,0.0,Ward-E,Small_Industry
C021,2026-01-07,0.0,Ward-E,Small_Industry
C021,2026-01-08,33.78,Ward-E,Small_Industry
C021,2026-01-09,29.58,Ward-E,Small_Industry
C021,2026-01-10,32.54,Ward-E,Small_Industry
C021,2026-01-11,25.2,Ward-E,Small_Industry
C021,2026-01-12,35.32,Ward-E,Small_Industry
C021,2026-01-13,30.16,Ward-E,Small_Industry
C022,2025-12-15,18.12,Ward-D,Shop
C022,2025-12-16,19.54,Ward-D,Shop
C022,2025-12-17,26.66,Ward-D,Shop
C022,2025-12-18,16.41,Ward-D,Shop
C022,2025-12-19,24.79,Ward-D,Shop
C022,2025-12-20,17.54,Ward-D,Shop
C022,2025-12-21,26.42,Ward-D,Shop
C022,2025-12-22,15.02,Ward-D,Shop
C022,2025-12-23,16.41,Ward-D,Shop
C022,2025-12-24,20.44,Ward-D,Shop
C022,2025-12-25,25.51,Ward-D,Shop
C022,2025-12-26,22.16,Ward-D,Shop
C022,2025-12-27,21.14,Ward-D,Shop
C022,2025-12-28,26.76,Ward-D,Shop
C022,2025-12-29,29.46,Ward-D,Shop
C022,2025-12-30,24.51,Ward-D,Shop
C022,2025-12-31,20.18,Ward-D,Shop
C022,2026-01-01,20.87,Ward-D,Shop
C022,2026-01-02,17.96,Ward-D,Shop
C022,2026-01-03,22.6,Ward-D,Shop
C022,2026-01-04,16.82,Ward-D,Shop
C022,2026-01-05,24.1,Ward-D,Shop
C022,2026-01-06,28.96,Ward-D,Shop
C022,2026-01-07,24.66,Ward-D,Shop
C022,2026-01-08,20.7,Ward-D,Shop
C022,2026-01-09,24.02,Ward-D,Shop
C022,2026-01-10,27.67,Ward-D,Shop
C022,2026-01-11,27.51,Ward-D,Shop
C022,2026-01-12,18.91,Ward-D,Shop
C022,2026-01-13,23.97,Ward-D,Shop
C023,2025-12-15,8.19,Ward-E,Home
C023,2025-12-16,9.14,Ward-E,Home
C023,2025-12-17,10.25,Ward-E,Home
C023,2025-12-18,11.36,Ward-E,Home
C023,2025-12-19,12.19,Ward-E,Home
C023,2025-12-20,10.08,Ward-E,Home
C023,2025-12-21,11.63,Ward-E,Home
C023,2025-12-22,10.03,Ward-E,Home
C023,2025-12-23,10.28,Ward-E,Home
C023,2025-12-24,8.93,Ward-E,Home
C023,2025-12-25,9.75,Ward-E,Home
C023,2025-12-26,9.02,Ward-E,Home
C023,2025-12-27,9.66,Ward-E,Home
C023,2025-12-28,13.1,Ward-E,Home
C023,2025-12-29,9.7,Ward-E,Home
C023,2025-12-30,15.78,Ward-E,Home
C023,2025-12-31,12.15,Ward-E,Home
C023,2026-01-01,11.63,Ward-E,Home
C023,2026-01-02,9.86,Ward-E,Home
C023,2026-01-03,12.5,Ward-E,Home
C023,2026-01-04,10.34,Ward-E,Home
C023,2026-01-05,11.52,Ward-E,Home
C023,2026-01-06,15.66,Ward-E,Home
C023,2026-01-07,11.15,Ward-E,Home
C023,2026-01-08,13.27,Ward-E,Home
C023,2026-01-09,10.12,Ward-E,Home
C023,2026-01-10,11.26,Ward-E,Home
C023,2026-01-11,14.32,Ward-E,Home
C023,2026-01-12,10.25,Ward-E,Home
C023,2026-01-13,14.39,Ward-E,Home
C024,2025-12-15,6.42,Ward-A,Home
C024,2025-12-16,6.45,Ward-A,Home
C024,2025-12-17,5.0,Ward-A,Home
C024,2025-12-18,6.8,Ward-A,Home
C024,2025-12-19,4.39,Ward-A,Home
C024,2025-12-20,7.0,Ward-A,Home
C024,2025-12-21,4.79,Ward-A,Home
C024,2025-12-22,5.77,Ward-A,Home
C024,2025-12-23,6.92,Ward-A,Home
C024,2025-12-24,6.08,Ward-A,Home
C024,2025-12-25,6.7,Ward-A,Home
C024,2025-12-26,6.53,Ward-A,Home
C024,2025-12-27,7.12,Ward-A,Home
C024,2025-12-28,6.92,Ward-A,Home
C024,2025-12-29,5.56,Ward-A,Home
C024,2025-12-30,6.54,Ward-A,Home
C024,2025-12-31,4.6,Ward-A,Home
C024,2026-01-01,5.92,Ward-A,Home
C024,2026-01-02,6.7,Ward-A,Home
C024,2026-01-03,6.09,Ward-A,Home
C024,2026-01-04,6.37,Ward-A,Home
C024,2026-01-05,5.78,Ward-A,Home
C024,2026-01-06,6.98,Ward-A,Home
C024,2026-01-07,5.9,Ward-A,Home
C024,2026-01-08,5.55,Ward-A,Home
C024,2026-01-09,6.77,Ward-A,Home
C024,2026-01-10,4.71,Ward-A,Home
C024,2026-01-11,6.42,Ward-A,Home
C024,2026-01-12,5.04,Ward-A,Home
C024,2026-01-13,7.12,Ward-A,Home
C025,2025-12-15,20.29,Ward-C,Shop
C025,2025-12-16,19.49,Ward-C,Shop
C025,2025-12-17,25.4,Ward-C,Shop
C025,2025-12-18,21.49,Ward-C,Shop
C025,2025-12-19,24.1,Ward-C,Shop
C025,2025-12-20,16.22,Ward-C,Shop
C025,2025-12-21,21.71,Ward-C,Shop
C025,2025-12-22,23.66,Ward-C,Shop
C025,2025-12-23,21.13,Ward-C,Shop
C025,2025-12-24,24.21,Ward-C,Shop
C025,2025-12-25,52.36,Ward-C,Shop
C025,2025-12-26,74.37,Ward-C,Shop
C025,2025-12-27,51.26,Ward-C,Shop
C025,2025-12-28,78.97,Ward-C,Shop
C025,2025-12-29,49.51,Ward-C,Shop
C025,2025-12-30,19.99,Ward-C,Shop
C025,2025-12-31,17.72,Ward-C,Shop
C025,2026-01-01,17.58,Ward-C,Shop
C025,2026-01-02,14.82,Ward-C,Shop
C025,2026-01-03,17.09,Ward-C,Shop
C025,2026-01-04,17.52,Ward-C,Shop
C025,2026-01-05,23.01,Ward-C,Shop
C025,2026-01-06,20.35,Ward-C,Shop
C025,2026-01-07,18.29,Ward-C,Shop
C025,2026-01-08,28.1,Ward-C,Shop
C025,2026-01-09,18.79,Ward-C,Shop
C025,2026-01-10,24.53,Ward-C,Shop
C025,2026-01-11,25.95,Ward-C,Shop
C025,2026-01-12,15.96,Ward-C,Shop
C025,2026-01-13,21.1,Ward-C,Shop
C026,2025-12-15,22.13,Ward-E,Small_Industry
C026,2025-12-16,22.38,Ward-E,Small_Industry
C026,2025-12-17,22.08,Ward-E,Small_Industry
C026,2025-12-18,28.77,Ward-E,Small_Industry
C026,2025-12-19,29.62,Ward-E,Small_Industry
C026,2025-12-20,22.32,Ward-E,Small_Industry
C026,2025-12-21,21.37,Ward-E,Small_Industry
C026,2025-12-22,26.14,Ward-E,Small_Industry
C026,2025-12-23,22.39,Ward-E,Small_Industry
C026,2025-12-24,26.73,Ward-E,Small_Industry
C026,2025-12-25,25.16,Ward-E,Small_Industry
C026,2025-12-26,18.86,Ward-E,Small_Industry
C026,2025-12-27,30.08,Ward-E,Small_Industry
C026,2025-12-28,30.99,Ward-E,Small_Industry
C026,2025-12-29,22.17,Ward-E,Small_Industry
C026,2025-12-30,22.99,Ward-E,Small_Industry
C026,2025-12-31,25.46,Ward-E,Small_Industry
C026,2026-01-01,25.64,Ward-E,Small_Industry
C026,2026-01-02,26.82,Ward-E,Small_Industry
C026,2026-01-03,31.77,Ward-E,Small_Industry
C026,2026-01-04,23.77,Ward-E,Small_Industry
C026,2026-01-05,21.49,Ward-E,Small_Industry
C026,2026-01-06,19.36,Ward-E,Small_Industry
C026,2026-01-07,21.74,Ward-E,Small_Industry
C026,2026-01-08,24.29,Ward-E,Small_Industry
C026,2026-01-09,30.98,Ward-E,Small_Industry
C026,2026-01-10,22.52,Ward-E,Small_Industry
C026,2026-01-11,25.23,Ward-E,Small_Industry
C026,2026-01-12,24.35,Ward-E,Small_Industry
C026,2026-01-13,28.77,Ward-E,Small_Industry
C027,2025-12-15,20.32,Ward-D,Shop
C027,2025-12-16,18.09,Ward-D,Shop
C027,2025-12-17,20.63,Ward-D,Shop
C027,2025-12-18,14.29,Ward-D,Shop
C027,2025-12-19,12.98,Ward-D,Shop
C027,2025-12-20,18.4,Ward-D,Shop
C027,2025-12-21,17.83,Ward-D,Shop
C027,2025-12-22,18.0,Ward-D,Shop
C027,2025-12-23,19.62,Ward-D,Shop
C027,2025-12-24,18.3,Ward-D,Shop
C027,2025-12-25,18.26,Ward-D,Shop
C027,2025-12-26,19.05,Ward-D,Shop
C027,2025-12-27,18.51,Ward-D,Shop
C027,2025-12-28,19.42,Ward-D,Shop
C027,2025-12-29,19.81,Ward-D,Shop
C027,2025-12-30,21.16,Ward-D,Shop
C027,2025-12-31,15.53,Ward-D,Shop
C027,2026-01-01,18.45,Ward-D,Shop
C027,2026-01-02,16.25,Ward-D,Shop
C027,2026-01-03,15.06,Ward-D,Shop
C027,2026-01-04,15.43,Ward-D,Shop
C027,2026-01-05,18.49,Ward-D,Shop
C027,2026-01-06,18.29,Ward-D,Shop
C027,2026-01-07,18.24,Ward-D,Shop
C027,2026-01-08,16.63,Ward-D,Shop
C027,2026-01-09,17.22,Ward-D,Shop
C027,2026-01-10,19.32,Ward-D,Shop
C027,2026-01-11,13.36,Ward-D,Shop
C027,2026-01-12,17.27,Ward-D,Shop
C027,2026-01-13,17.44,Ward-D,Shop
C028,2025-12-15,6.67,Ward-D,Home
C028,2025-12-16,8.05,Ward-D,Home
C028,2025-12-17,5.8,Ward-D,Home
C028,2025-12-18,6.28,Ward-D,Home
C028,2025-12-19,6.31,Ward-D,Home
C028,2025-12-20,7.52,Ward-D,Home
C028,2025-12-21,5.99,Ward-D,Home
C028,2025-12-22,6.33,Ward-D,Home
C028,2025-12-23,6.63,Ward-D,Home
C028,2025-12-24,6.25,Ward-D,Home
C028,2025-12-25,13.9,Ward-D,Home
C028,2025-12-26,19.16,Ward-D,Home
C028,2025-12-27,15.62,Ward-D,Home
C028,2025-12-28,15.95,Ward-D,Home
C028,2025-12-29,17.47,Ward-D,Home
C028,2025-12-30,6.42,Ward-D,Home
C028,2025-12-31,5.96,Ward-D,Home
C028,2026-01-01,4.22,Ward-D,Home
C028,2026-01-02,6.75,Ward-D,Home
C028,2026-01-03,7.06,Ward-D,Home
C028,2026-01-04,4.53,Ward-D,Home
C028,2026-01-05,5.71,Ward-D,Home
C028,2026-01-06,4.96,Ward-D,Home
C028,2026-01-07,5.92,Ward-D,Home
C028,2026-01-08,6.67,Ward-D,Home
C028,2026-01-09,6.98,Ward-D,Home
C028,2026-01-10,7.1,Ward-D,Home
C028,2026-01-11,7.27,Ward-D,Home
C028,2026-01-12,5.88,Ward-D,Home
C028,2026-01-13,5.03,Ward-D,Home
C029,2025-12-15,80.08,Ward-E,Small_Industry
C029,2025-12-16,49.93,Ward-E,Small_Industry
C029,2025-12-17,75.18,Ward-E,Small_Industry
C029,2025-12-18,60.45,Ward-E,Small_Industry
C029,2025-12-19,60.85,Ward-E,Small_Industry
C029,2025-12-20,78.69,Ward-E,Small_Industry
C029,2025-12-21,76.2,Ward-E,Small_Industry
C029,2025-12-22,79.5,Ward-E,Small_Industry
C029,2025-12-23,61.11,Ward-E,Small_Industry
C029,2025-12-24,63.76,Ward-E,Small_Industry
C029,2025-12-25,75.3,Ward-E,Small_Industry
C029,2025-12-26,71.8,Ward-E,Small_Industry
C029,2025-12-27,51.71,Ward-E,Small_Industry
C029,2025-12-28,82.77,Ward-E,Small_Industry
C029,2025-12-29,60.48,Ward-E,Small_Industry
C029,2025-12-30,65.69,Ward-E,Small_Industry
C029,2025-12-31,49.09,Ward-E,Small_Industry
C029,2026-01-01,38.84,Ward-E,Small_Industry
C029,2026-01-02,63.39,Ward-E,Small_Industry
C029,2026-01-03,38.14,Ward-E,Small_Industry
C029,2026-01-04,81.27,Ward-E,Small_Industry
C029,2026-01-05,56.75,Ward-E,Small_Industry
C029,2026-01-06,50.13,Ward-E,Small_Industry
C029,2026-01-07,77.55,Ward-E,Small_Industry
C029,2026-01-08,68.44,Ward-E,Small_Industry
C029,2026-01-09,58.4,Ward-E,Small_Industry
C029,2026-01-10,58.83,Ward-E,Small_Industry
C029,2026-01-11,66.11,Ward-E,Small_Industry
C029,2026-01-12,51.21,Ward-E,Small_Industry
C029,2026-01-13,48.8,Ward-E,Small_Industry
C030,2025-12-15,30.8,Ward-D,Small_Industry
C030,2025-12-16,25.15,Ward-D,Small_Industry
C030,2025-12-17,34.36,Ward-D,Small_Industry
C030,2025-12-18,32.72,Ward-D,Small_Industry
C030,2025-12-19,27.71,Ward-D,Small_Industry
C030,2025-12-20,27.93,Ward-D,Small_Industry
C030,2025-12-21,31.16,Ward-D,Small_Industry
C030,2025-12-22,26.34,Ward-D,Small_Industry
C030,2025-12-23,38.06,Ward-D,Small_Industry
C030,2025-12-24,31.53,Ward-D,Small_Industry
C030,2025-12-25,31.69,Ward-D,Small_Industry
C030,2025-12-26,32.98,Ward-D,Small_Industry
C030,2025-12-27,27.32,Ward-D,Small_Industry
C030,2025-12-28,34.81,Ward-D,Small_Industry
C030,2025-12-29,30.44,Ward-D,Small_Industry
C030,2025-12-30,34.19,Ward-D,Small_Industry
C030,2025-12-31,29.03,Ward-D,Small_Industry
C030,2026-01-01,35.84,Ward-D,Small_Industry
C030,2026-01-02,31.72,Ward-D,Small_Industry
C030,2026-01-03,39.72,Ward-D,Small_Industry
C030,2026-01-04,28.26,Ward-D,Small_Industry
C030,2026-01-05,30.84,Ward-D,Small_Industry
C030,2026-01-06,25.29,Ward-D,Small_Industry
C030,2026-01-07,27.55,Ward-D,Small_Industry
C030,2026-01-08,32.7,Ward-D,Small_Industry
C030,2026-01-09,34.99,Ward-D,Small_Industry
C030,2026-01-10,43.23,Ward-D,Small_Industry
C030,2026-01-11,29.49,Ward-D,Small_Industry
C030,2026-01-12,25.73,Ward-D,Small_Industry
C030,2026-01-13,33.3,Ward-D,Small_Industry
C031,2025-12-15,12.04,Ward-B,Home
C031,2025-12-16,12.19,Ward-B,Home
C031,2025-12-17,13.07,Ward-B,Home
C031,2025-12-18,10.13,Ward-B,Home
C031,2025-12-19,11.51,Ward-B,Home
C031,2025-12-20,8.97,Ward-B,Home
C031,2025-12-21,12.69,Ward-B,Home
C031,2025-12-22,13.13,Ward-B,Home
C031,2025-12-23,11.1,Ward-B,Home
C031,2025-12-24,14.8,Ward-B,Home
C031,2025-12-25,9.77,Ward-B,Home
C031,2025-12-26,9.34,Ward-B,Home
C031,2025-12-27,12.37,Ward-B,Home
C031,2025-12-28,13.85,Ward-B,Home
C031,2025-12-29,14.99,Ward-B,Home
C031,2025-12-30,11.15,Ward-B,Home
C031,2025-12-31,13.91,Ward-B,Home
C031,2026-01-01,11.9,Ward-B,Home
C031,2026-01-02,11.66,Ward-B,Home
C031,2026-01-03,13.56,Ward-B,Home
C031,2026-01-04,13.14,Ward-B,Home
C031,2026-01-05,9.14,Ward-B,Home
C031,2026-01-06,14.62,Ward-B,Home
C031,2026-01-07,14.45,Ward-B,Home
C031,2026-01-08,10.85,Ward-B,Home
C031,2026-01-09,12.68,Ward-B,Home
C031,2026-01-10,12.86,Ward-B,Home
C031,2026-01-11,12.44,Ward-B,Home
C031,2026-01-12,10.98,Ward-B,Home
C031,2026-01-13,10.76,Ward-B,Home
C032,2025-12-15,12.34,Ward-A,Home
C032,2025-12-16,11.26,Ward-A,Home
C032,2025-12-17,8.86,Ward-A,Home
C032,2025-12-18,11.68,Ward-A,Home
C032,2025-12-19,11.49,Ward-A,Home
C032,2025-12-20,13.65,Ward-A,Home
C032,2025-12-21,7.83,Ward-A,Home
C032,2025-12-22,12.19,Ward-A,Home
C032,2025-12-23,9.73,Ward-A,Home
C032,2025-12-24,12.33,Ward-A,Home
C032,2025-12-25,12.43,Ward-A,Home
C032,2025-12-26,11.62,Ward-A,Home
C032,2025-12-27,13.2,Ward-A,Home
C032,2025-12-28,9.57,Ward-A,Home
C032,2025-12-29,13.73,Ward-A,Home
C032,2025-12-30,10.52,Ward-A,Home
C032,2025-12-31,9.02,Ward-A,Home
C032,2026-01-01,11.29,Ward-A,Home
C032,2026-01-02,8.07,Ward-A,Home
C032,2026-01-03,12.22,Ward-A,Home
C032,2026-01-04,11.31,Ward-A,Home
C032,2026-01-05,13.95,Ward-A,Home
C032,2026-01-06,12.92,Ward-A,Home
C032,2026-01-07,9.31,Ward-A,Home
C032,2026-01-08,10.29,Ward-A,Home
C032,2026-01-09,12.69,Ward-A,Home
C032,2026-01-10,13.27,Ward-A,Home
C032,2026-01-11,13.93,Ward-A,Home
C032,2026-01-12,13.92,Ward-A,Home
C032,2026-01-13,11.61,Ward-A,Home
C033,2025-12-15,46.35,Ward-B,Small_Industry
C033,2025-12-16,41.58,Ward-B,Small_Industry
C033,2025-12-17,38.58,Ward-B,Small_Industry
C033,2025-12-18,38.96,Ward-B,Small_Industry
C033,2025-12-19,39.71,Ward-B,Small_Industry
C033,2025-12-20,39.92,Ward-B,Small_Industry
C033,2025-12-21,44.52,Ward-B,Small_Industry
C033,2025-12-22,40.45,Ward-B,Small_Industry
C033,2025-12-23,44.55,Ward-B,Small_Industry
C033,2025-12-24,39.66,Ward-B,Small_Industry
C033,2025-12-25,40.62,Ward-B,Small_Industry
C033,2025-12-26,28.11,Ward-B,Small_Industry
C033,2025-12-27,45.66,Ward-B,Small_Industry
C033,2025-12-28,42.23,Ward-B,Small_Industry
C033,2025-12-29,46.15,Ward-B,Small_Industry
C033,2025-12-30,22.7,Ward-B,Small_Industry
C033,2025-12-31,52.72,Ward-B,Small_Industry
C033,2026-01-01,39.3,Ward-B,Small_Industry
C033,2026-01-02,0.0,Ward-B,Small_Industry
C033,2026-01-03,0.0,Ward-B,Small_Industry
C033,2026-01-04,0.0,Ward-B,Small_Industry
C033,2026-01-05,0.0,Ward-B,Small_Industry
C033,2026-01-06,0.0,Ward-B,Small_Industry
C033,2026-01-07,0.0,Ward-B,Small_Industry
C033,2026-01-08,38.99,Ward-B,Small_Industry
C033,2026-01-09,41.45,Ward-B,Small_Industry
C033,2026-01-10,45.38,Ward-B,Small_Industry
C033,2026-01-11,43.13,Ward-B,Small_Industry
C033,2026-01-12,41.05,Ward-B,Small_Industry
C033,2026-01-13,42.34,Ward-B,Small_Industry
C034,2025-12-15,9.13,Ward-E,Home
C034,2025-12-16,8.35,Ward-E,Home
C034,2025-12-17,7.44,Ward-E,Home
C034,2025-12-18,8.06,Ward-E,Home
C034,2025-12-19,8.21,Ward-E,Home
C034,2025-12-20,8.51,Ward-E,Home
C034,2025-12-21,6.69,Ward-E,Home
C034,2025-12-22,8.78,Ward-E,Home
C034,2025-12-23,6.67,Ward-E,Home
C034,2025-12-24,9.93,Ward-E,Home
C034,2025-12-25,7.05,Ward-E,Home
C034,2025-12-26,8.33,Ward-E,Home
C034,2025-12-27,9.18,Ward-E,Home
C034,2025-12-28,7.68,Ward-E,Home
C034,2025-12-29,8.38,Ward-E,Home
C034,2025-12-30,9.69,Ward-E,Home
C034,2025-12-31,8.65,Ward-E,Home
C034,2026-01-01,8.4,Ward-E,Home
C034,2026-01-02,5.96,Ward-E,Home
C034,2026-01-03,6.86,Ward-E,Home
C034,2026-01-04,9.23,Ward-E,Home
C034,2026-01-05,8.66,Ward-E,Home
C034,2026-01-06,8.84,Ward-E,Home
C034,2026-01-07,8.74,Ward-E,Home
C034,2026-01-08,9.52,Ward-E,Home
C034,2026-01-09,7.66,Ward-E,Home
C034,2026-01-10,8.12,Ward-E,Home
C034,2026-01-11,6.75,Ward-E,Home
C034,2026-01-12,6.45,Ward-E,Home
C034,2026-01-13,6.01,Ward-E,Home
C035,2025-12-15,17.39,Ward-E,Shop
C035,2025-12-16,13.83,Ward-E,Shop
C035,2025-12-17,18.47,Ward-E,Shop
C035,2025-12-18,16.38,Ward-E,Shop
C035,2025-12-19,25.46,Ward-E,Shop
C035,2025-12-20,23.53,Ward-E,Shop
C035,2025-12-21,18.32,Ward-E,Shop
C035,2025-12-22,27.34,Ward-E,Shop
C035,2025-12-23,23.44,Ward-E,Shop
C035,2025-12-24,19.44,Ward-E,Shop
C035,2025-12-25,12.77,Ward-E,Shop
C035,2025-12-26,27.45,Ward-E,Shop
C035,2025-12-27,16.17,Ward-E,Shop
C035,2025-12-28,15.39,Ward-E,Shop
C035,2025-12-29,23.57,Ward-E,Shop
C035,2025-12-30,27.91,Ward-E,Shop
C035,2025-12-31,24.67,Ward-E,Shop
C035,2026-01-01,22.16,Ward-E,Shop
C035,2026-01-02,22.25,Ward-E,Shop
C035,2026-01-03,23.05,Ward-E,Shop
C035,2026-01-04,22.76,Ward-E,Shop
C035,2026-01-05,21.29,Ward-E,Shop
C035,2026-01-06,20.75,Ward-E,Shop
C035,2026-01-07,20.24,Ward-E,Shop
C035,2026-01-08,18.12,Ward-E,Shop
C035,2026-01-09,19.57,Ward-E,Shop
C035,2026-01-10,15.24,Ward-E,Shop
C035,2026-01-11,20.13,Ward-E,Shop
C035,2026-01-12,17.4,Ward-E,Shop
C035,2026-01-13,17.05,Ward-E,Shop
C036,2025-12-15,7.43,Ward-E,Home
C036,2025-12-16,11.04,Ward-E,Home
C036,2025-12-17,12.79,Ward-E,Home
C036,2025-12-18,11.63,Ward-E,Home
C036,2025-12-19,9.48,Ward-E,Home
C036,2025-12-20,7.94,Ward-E,Home
C036,2025-12-21,10.21,Ward-E,Home
C036,2025-12-22,10.18,Ward-E,Home
C036,2025-12-23,8.91,Ward-E,Home
C036,2025-12-24,11.29,Ward-E,Home
C036,2025-12-25,13.31,Ward-E,Home
C036,2025-12-26,10.77,Ward-E,Home
C036,2025-12-27,10.68,Ward-E,Home
C036,2025-12-28,8.96,Ward-E,Home
C036,2025-12-29,12.61,Ward-E,Home
C036,2025-12-30,10.31,Ward-E,Home
C036,2025-12-31,9.52,Ward-E,Home
C036,2026-01-01,10.52,Ward-E,Home
C036,2026-01-02,11.16,Ward-E,Home
C036,2026-01-03,10.64,Ward-E,Home
C036,2026-01-04,12.31,Ward-E,Home
C036,2026-01-05,11.02,Ward-E,Home
C036,2026-01-06,9.98,Ward-E,Home
C036,2026-01-07,11.05,Ward-E,Home
C036,2026-01-08,11.21,Ward-E,Home
C036,2026-01-09,8.4,Ward-E,Home
C036,2026-01-10,12.22,Ward-E,Home
C036,2026-01-11,9.95,Ward-E,Home
C036,2026-01-12,9.99,Ward-E,Home
C036,2026-01-13,11.6,Ward-E,Home
C037,2025-12-15,23.13,Ward-A,Small_Industry
C037,2025-12-16,29.4,Ward-A,Small_Industry
C037,2025-12-17,24.77,Ward-A,Small_Industry
C037,2025-12-18,30.77,Ward-A,Small_Industry
C037,2025-12-19,23.3,Ward-A,Small_Industry
C037,2025-12-20,27.01,Ward-A,Small_Industry
C037,2025-12-21,22.67,Ward-A,Small_Industry
C037,2025-12-22,34.26,Ward-A,Small_Industry
C037,2025-12-23,21.3,Ward-A,Small_Industry
C037,2025-12-24,27.13,Ward-A,Small_Industry
C037,2025-12-25,28.39,Ward-A,Small_Industry
C037,2025-12-26,27.53,Ward-A,Small_Industry
C037,2025-12-27,25.2,Ward-A,Small_Industry
C037,2025-12-28,25.42,Ward-A,Small_Industry
C037,2025-12-29,26.09,Ward-A,Small_Industry
C037,2025-12-30,25.35,Ward-A,Small_Industry
C037,2025-12-31,29.67,Ward-A,Small_Industry
C037,2026-01-01,34.52,Ward-A,Small_Industry
C037,2026-01-02,23.75,Ward-A,Small_Industry
C037,2026-01-03,20.6,Ward-A,Small_Industry
C037,2026-01-04,25.58,Ward-A,Small_Industry
C037,2026-01-05,35.95,Ward-A,Small_Industry
C037,2026-01-06,22.8,Ward-A,Small_Industry
C037,2026-01-07,32.3,Ward-A,Small_Industry
C037,2026-01-08,32.45,Ward-A,Small_Industry
C037,2026-01-09,23.77,Ward-A,Small_Industry
C037,2026-01-10,28.13,Ward-A,Small_Industry
C037,2026-01-11,32.25,Ward-A,Small_Industry
C037,2026-01-12,24.45,Ward-A,Small_Industry
C037,2026-01-13,25.13,Ward-A,Small_Industry
C038,2025-12-15,18.49,Ward-C,Small_Industry
C038,2025-12-16,19.78,Ward-C,Small_Industry
C038,2025-12-17,20.19,Ward-C,Small_Industry
C038,2025-12-18,21.49,Ward-C,Small_Industry
C038,2025-12-19,19.62,Ward-C,Small_Industry
C038,2025-12-20,22.25,Ward-C,Small_Industry
C038,2025-12-21,20.08,Ward-C,Small_Industry
C038,2025-12-22,24.47,Ward-C,Small_Industry
C038,2025-12-23,25.57,Ward-C,Small_Industry
C038,2025-12-24,22.5,Ward-C,Small_Industry
C038,2025-12-25,23.68,Ward-C,Small_Industry
C038,2025-12-26,29.18,Ward-C,Small_Industry
C038,2025-12-27,18.25,Ward-C,Small_Industry
C038,2025-12-28,18.04,Ward-C,Small_Industry
C038,2025-12-29,24.45,Ward-C,Small_Industry
C038,2025-12-30,28.61,Ward-C,Small_Industry
C038,2025-12-31,21.28,Ward-C,Small_Industry
C038,2026-01-01,27.88,Ward-C,Small_Industry
C038,2026-01-02,22.46,Ward-C,Small_Industry
C038,2026-01-03,19.88,Ward-C,Small_Industry
C038,2026-01-04,18.85,Ward-C,Small_Industry
C038,2026-01-05,24.23,Ward-C,Small_Industry
C038,2026-01-06,19.1,Ward-C,Small_Industry
C038,2026-01-07,22.41,Ward-C,Small_Industry
C038,2026-01-08,27.4,Ward-C,Small_Industry
C038,2026-01-09,21.12,Ward-C,Small_Industry
C038,2026-01-10,26.51,Ward-C,Small_Industry
C038,2026-01-11,18.11,Ward-C,Small_Industry
C038,2026-01-12,20.37,Ward-C,Small_Industry
C038,2026-01-13,17.47,Ward-C,Small_Industry
C039,2025-12-15,14.52,Ward-C,Shop
C039,2025-12-16,12.55,Ward-C,Shop
C039,2025-12-17,16.56,Ward-C,Shop
C039,2025-12-18,13.01,Ward-C,Shop
C039,2025-12-19,12.64,Ward-C,Shop
C039,2025-12-20,11.72,Ward-C,Shop
C039,2025-12-21,12.53,Ward-C,Shop
C039,2025-12-22,12.01,Ward-C,Shop
C039,2025-12-23,13.59,Ward-C,Shop
C039,2025-12-24,14.05,Ward-C,Shop
C039,2025-12-25,10.84,Ward-C,Shop
C039,2025-12-26,9.83,Ward-C,Shop
C039,2025-12-27,8.9,Ward-C,Shop
C039,2025-12-28,13.22,Ward-C,Shop
C039,2025-12-29,10.25,Ward-C,Shop
C039,2025-12-30,1.42,Ward-C,Shop
C039,2025-12-31,2.07,Ward-C,Shop
C039,2026-01-01,3.07,Ward-C,Shop
C039,2026-01-02,2.73,Ward-C,Shop
C039,2026-01-03,0.96,Ward-C,Shop
C039,2026-01-04,2.59,Ward-C,Shop
C039,2026-01-05,3.23,Ward-C,Shop
C039,2026-01-06,1.48,Ward-C,Shop
C039,2026-01-07,0.89,Ward-C,Shop
C039,2026-01-08,1.91,Ward-C,Shop
C039,2026-01-09,1.39,Ward-C,Shop
C039,2026-01-10,2.66,Ward-C,Shop
C039,2026-01-11,0.96,Ward-C,Shop
C039,2026-01-12,3.42,Ward-C,Shop
C039,2026-01-13,1.0,Ward-C,Shop
C040,2025-12-15,27.36,Ward-C,Small_Industry
C040,2025-12-16,31.07,Ward-C,Small_Industry
C040,2025-12-17,29.59,Ward-C,Small_Industry
C040,2025-12-18,31.65,Ward-C,Small_Industry
C040,2025-12-19,32.84,Ward-C,Small_Industry
C040,2025-12-20,35.15,Ward-C,Small_Industry
C040,2025-12-21,32.22,Ward-C,Small_Industry
C040,2025-12-22,34.94,Ward-C,Small_Industry
C040,2025-12-23,32.88,Ward-C,Small_Industry
C040,2025-12-24,22.91,Ward-C,Small_Industry
C040,2025-12-25,27.98,Ward-C,Small_Industry
C040,2025-12-26,31.86,Ward-C,Small_Industry
C040,2025-12-27,26.66,Ward-C,Small_Industry
C040,2025-12-28,35.49,Ward-C,Small_Industry
C040,2025-12-29,40.04,Ward-C,Small_Industry
C040,2025-12-30,38.52,Ward-C,Small_Industry
C040,2025-12-31,31.52,Ward-C,Small_Industry
C040,2026-01-01,39.85,Ward-C,Small_Industry
C040,2026-01-02,33.29,Ward-C,Small_Industry
C040,2026-01-03,30.92,Ward-C,Small_Industry
C040,2026-01-04,29.57,Ward-C,Small_Industry
C040,2026-01-05,31.09,Ward-C,Small_Industry
C040,2026-01-06,30.67,Ward-C,Small_Industry
C040,2026-01-07,33.4,Ward-C,Small_Industry
C040,2026-01-08,33.35,Ward-C,Small_Industry
C040,2026-01-09,32.58,Ward-C,Small_Industry
C040,2026-01-10,34.7,Ward-C,Small_Industry
C040,2026-01-11,38.38,Ward-C,Small_Industry
C040,2026-01-12,37.2,Ward-C,Small_Industry
C040,2026-01-13,25.31,Ward-C,Small_Industry
C041,2025-12-15,6.93,Ward-E,Home
C041,2025-12-16,7.96,Ward-E,Home
C041,2025-12-17,8.06,Ward-E,Home
C041,2025-12-18,9.44,Ward-E,Home
C041,2025-12-19,7.59,Ward-E,Home
C041,2025-12-20,6.77,Ward-E,Home
C041,2025-12-21,9.7,Ward-E,Home
C041,2025-12-22,7.83,Ward-E,Home
C041,2025-12-23,9.3,Ward-E,Home
C041,2025-12-24,9.16,Ward-E,Home
C041,2025-12-25,8.18,Ward-E,Home
C041,2025-12-26,8.0,Ward-E,Home
C041,2025-12-27,7.73,Ward-E,Home
C041,2025-12-28,8.2,Ward-E,Home
C041,2025-12-29,9.28,Ward-E,Home
C041,2025-12-30,7.23,Ward-E,Home
C041,2025-12-31,8.35,Ward-E,Home
C041,2026-01-01,6.84,Ward-E,Home
C041,2026-01-02,6.99,Ward-E,Home
C041,2026-01-03,8.18,Ward-E,Home
C041,2026-01-04,5.8,Ward-E,Home
C041,2026-01-05,10.76,Ward-E,Home
C041,2026-01-06,6.75,Ward-E,Home
C041,2026-01-07,8.17,Ward-E,Home
C041,2026-01-08,9.66,Ward-E,Home
C041,2026-01-09,7.15,Ward-E,Home
C041,2026-01-10,5.38,Ward-E,Home
C041,2026-01-11,7.67,Ward-E,Home
C041,2026-01-12,7.14,Ward-E,Home
C041,2026-01-13,5.41,Ward-E,Home
C042,2025-12-15,35.65,Ward-C,Small_Industry
C042,2025-12-16,45.81,Ward-C,Small_Industry
C042,2025-12-17,36.03,Ward-C,Small_Industry
C042,2025-12-18,50.48,Ward-C,Small_Industry
C042,2025-12-19,43.65,Ward-C,Small_Industry
C042,2025-12-20,36.73,Ward-C,Small_Industry
C042,2025-12-21,52.45,Ward-C,Small_Industry
C042,2025-12-22,36.03,Ward-C,Small_Industry
C042,2025-12-23,44.04,Ward-C,Small_Industry
C042,2025-12-24,41.4,Ward-C,Small_Industry
C042,2025-12-25,47.36,Ward-C,Small_Industry
C042,2025-12-26,48.91,Ward-C,Small_Industry
C042,2025-12-27,39.82,Ward-C,Small_Industry
C042,2025-12-28,35.15,Ward-C,Small_Industry
C042,2025-12-29,42.36,Ward-C,Small_Industry
C042,2025-12-30,35.6,Ward-C,Small_Industry
C042,2025-12-31,51.59,Ward-C,Small_Industry
C042,2026-01-01,40.44,Ward-C,Small_Industry
C042,2026-01-02,37.45,Ward-C,Small_Industry
C042,2026-01-03,40.72,Ward-C,Small_Industry
C042,2026-01-04,31.62,Ward-C,Small_Industry
C042,2026-01-05,33.85,Ward-C,Small_Industry
C042,2026-01-06,46.76,Ward-C,Small_Industry
C042,2026-01-07,35.72,Ward-C,Small_Industry
C042,2026-01-08,33.4,Ward-C,Small_Industry
C042,2026-01-09,42.82,Ward-C,Small_Industry
C042,2026-01-10,46.67,Ward-C,Small_Industry
C042,2026-01-11,43.9,Ward-C,Small_Industry
C042,2026-01-12,45.55,Ward-C,Small_Industry
C042,2026-01-13,35.13,Ward-C,Small_Industry
C043,2025-12-15,7.31,Ward-B,Home
C043,2025-12-16,8.32,Ward-B,Home
C043,2025-12-17,9.38,Ward-B,Home
C043,2025-12-18,7.75,Ward-B,Home
C043,2025-12-19,9.86,Ward-B,Home
C043,2025-12-20,10.65,Ward-B,Home
C043,2025-12-21,8.21,Ward-B,Home
C043,2025-12-22,9.05,Ward-B,Home
C043,2025-12-23,10.96,Ward-B,Home
C043,2025-12-24,11.43,Ward-B,Home
C043,2025-12-25,10.0,Ward-B,Home
C043,2025-12-26,9.8,Ward-B,Home
C043,2025-12-27,7.85,Ward-B,Home
C043,2025-12-28,9.48,Ward-B,Home
C043,2025-12-29,9.75,Ward-B,Home
C043,2025-12-30,8.71,Ward-B,Home
C043,2025-12-31,8.19,Ward-B,Home
C043,2026-01-01,7.27,Ward-B,Home
C043,2026-01-02,6.65,Ward-B,Home
C043,2026-01-03,6.37,Ward-B,Home
C043,2026-01-04,9.78,Ward-B,Home
C043,2026-01-05,9.2,Ward-B,Home
C043,2026-01-06,8.34,Ward-B,Home
C043,2026-01-07,8.55,Ward-B,Home
C043,2026-01-08,9.28,Ward-B,Home
C043,2026-01-09,8.78,Ward-B,Home
C043,2026-01-10,7.19,Ward-B,Home
C043,2026-01-11,10.23,Ward-B,Home
C043,2026-01-12,9.41,Ward-B,Home
C043,2026-01-13,9.36,Ward-B,Home
C044,2025-12-15,40.13,Ward-B,Small_Industry
C044,2025-12-16,42.91,Ward-B,Small_Industry
C044,2025-12-17,39.63,Ward-B,Small_Industry
C044,2025-12-18,51.09,Ward-B,Small_Industry
C044,2025-12-19,44.19,Ward-B,Small_Industry
C044,2025-12-20,45.7,Ward-B,Small_Industry
C044,2025-12-21,45.26,Ward-B,Small_Industry
C044,2025-12-22,48.41,Ward-B,Small_Industry
C044,2025-12-23,42.28,Ward-B,Small_Industry
C044,2025-12-24,33.16,Ward-B,Small_Industry
C044,2025-12-25,43.63,Ward-B,Small_Industry
C044,2025-12-26,37.14,Ward-B,Small_Industry
C044,2025-12-27,37.9,Ward-B,Small_Industry
C044,2025-12-28,44.78,Ward-B,Small_Industry
C044,2025-12-29,48.81,Ward-B,Small_Industry
C044,2025-12-30,41.29,Ward-B,Small_Industry
C044,2025-12-31,43.07,Ward-B,Small_Industry
C044,2026-01-01,51.67,Ward-B,Small_Industry
C044,2026-01-02,42.65,Ward-B,Small_Industry
C044,2026-01-03,57.23,Ward-B,Small_Industry
C044,2026-01-04,44.65,Ward-B,Small_Industry
C044,2026-01-05,30.29,Ward-B,Small_Industry
C044,2026-01-06,45.81,Ward-B,Small_Industry
C044,2026-01-07,43.52,Ward-B,Small_Industry
C044,2026-01-08,49.13,Ward-B,Small_Industry
C044,2026-01-09,45.32,Ward-B,Small_Industry
C044,2026-01-10,40.31,Ward-B,Small_Industry
C044,2026-01-11,33.6,Ward-B,Small_Industry
C044,2026-01-12,39.87,Ward-B,Small_Industry
C044,2026-01-13,35.91,Ward-B,Small_Industry
C045,2025-12-15,10.81,Ward-E,Home
C045,2025-12-16,8.22,Ward-E,Home
C045,2025-12-17,11.52,Ward-E,Home
C045,2025-12-18,12.66,Ward-E,Home
C045,2025-12-19,9.6,Ward-E,Home
C045,2025-12-20,8.67,Ward-E,Home
C045,2025-12-21,10.83,Ward-E,Home
C045,2025-12-22,12.67,Ward-E,Home
C045,2025-12-23,8.14,Ward-E,Home
C045,2025-12-24,8.67,Ward-E,Home
C045,2025-12-25,9.69,Ward-E,Home
C045,2025-12-26,9.12,Ward-E,Home
C045,2025-12-27,9.13,Ward-E,Home
C045,2025-12-28,7.13,Ward-E,Home
C045,2025-12-29,11.32,Ward-E,Home
C045,2025-12-30,10.93,Ward-E,Home
C045,2025-12-31,7.75,Ward-E,Home
C045,2026-01-01,12.67,Ward-E,Home
C045,2026-01-02,13.02,Ward-E,Home
C045,2026-01-03,9.23,Ward-E,Home
C045,2026-01-04,12.22,Ward-E,Home
C045,2026-01-05,9.51,Ward-E,Home
C045,2026-01-06,10.68,Ward-E,Home
C045,2026-01-07,9.1,Ward-E,Home
C045,2026-01-08,13.85,Ward-E,Home
C045,2026-01-09,9.94,Ward-E,Home
C045,2026-01-10,10.6,Ward-E,Home
C045,2026-01-11,9.33,Ward-E,Home
C045,2026-01-12,13.3,Ward-E,Home
C045,2026-01-13,13.34,Ward-E,Home
C046,2025-12-15,8.65,Ward-D,Home
C046,2025-12-16,8.65,Ward-D,Home
C046,2025-12-17,8.65,Ward-D,Home
C046,2025-12-18,8.65,Ward-D,Home
C046,2025-12-19,8.65,Ward-D,Home
C046,2025-12-20,8.65,Ward-D,Home
C046,2025-12-21,8.65,Ward-D,Home
C046,2025-12-22,8.65,Ward-D,Home
C046,2025-12-23,8.65,Ward-D,Home
C046,2025-12-24,8.65,Ward-D,Home
C046,2025-12-25,8.65,Ward-D,Home
C046,2025-12-26,8.65,Ward-D,Home
C046,2025-12-27,8.65,Ward-D,Home
C046,2025-12-28,8.65,Ward-D,Home
C046,2025-12-29,8.65,Ward-D,Home
C046,2025-12-30,8.65,Ward-D,Home
C046,2025-12-31,8.65,Ward-D,Home
C046,2026-01-01,8.65,Ward-D,Home
C046,2026-01-02,8.65,Ward-D,Home
C046,2026-01-03,8.65,Ward-D,Home
C046,2026-01-04,8.65,Ward-D,Home
C046,2026-01-05,8.65,Ward-D,Home
C046,2026-01-06,8.65,Ward-D,Home
C046,2026-01-07,8.65,Ward-D,Home
C046,2026-01-08,8.65,Ward-D,Home
C046,2026-01-09,8.65,Ward-D,Home
C046,2026-01-10,8.65,Ward-D,Home
C046,2026-01-11,8.65,Ward-D,Home
C046,2026-01-12,8.65,Ward-D,Home
C046,2026-01-13,8.65,Ward-D,Home
C047,2025-12-15,5.25,Ward-C,Home
C047,2025-12-16,5.48,Ward-C,Home
C047,2025-12-17,7.62,Ward-C,Home
C047,2025-12-18,8.43,Ward-C,Home
C047,2025-12-19,10.78,Ward-C,Home
C047,2025-12-20,6.97,Ward-C,Home
C047,2025-12-21,7.92,Ward-C,Home
C047,2025-12-22,8.47,Ward-C,Home
C047,2025-12-23,8.46,Ward-C,Home
C047,2025-12-24,7.55,Ward-C,Home
C047,2025-12-25,8.05,Ward-C,Home
C047,2025-12-26,9.58,Ward-C,Home
C047,2025-12-27,9.25,Ward-C,Home
C047,2025-12-28,8.88,Ward-C,Home
C047,2025-12-29,6.3,Ward-C,Home
C047,2025-12-30,8.27,Ward-C,Home
C047,2025-12-31,7.92,Ward-C,Home
C047,2026-01-01,6.93,Ward-C,Home
C047,2026-01-02,6.24,Ward-C,Home
C047,2026-01-03,9.53,Ward-C,Home
C047,2026-01-04,8.04,Ward-C,Home
C047,2026-01-05,6.4,Ward-C,Home
C047,2026-01-06,8.72,Ward-C,Home
C047,2026-01-07,9.78,Ward-C,Home
C047,2026-01-08,7.3,Ward-C,Home
C047,2026-01-09,8.16,Ward-C,Home
C047,2026-01-10,7.02,Ward-C,Home
C047,2026-01-11,8.78,Ward-C,Home
C047,2026-01-12,7.81,Ward-C,Home
C047,2026-01-13,7.31,Ward-C,Home
C048,2025-12-15,4.64,Ward-A,Home
C048,2025-12-16,4.58,Ward-A,Home
C048,2025-12-17,5.37,Ward-A,Home
C048,2025-12-18,6.11,Ward-A,Home
C048,2025-12-19,4.42,Ward-A,Home
C048,2025-12-20,5.26,Ward-A,Home
C048,2025-12-21,5.55,Ward-A,Home
C048,2025-12-22,5.75,Ward-A,Home
C048,2025-12-23,5.35,Ward-A,Home
C048,2025-12-24,4.92,Ward-A,Home
C048,2025-12-25,4.56,Ward-A,Home
C048,2025-12-26,5.28,Ward-A,Home
C048,2025-12-27,4.37,Ward-A,Home
C048,2025-12-28,2.93,Ward-A,Home
C048,2025-12-29,5.55,Ward-A,Home
C048,2025-12-30,5.92,Ward-A,Home
C048,2025-12-31,3.36,Ward-A,Home
C048,2026-01-01,4.42,Ward-A,Home
C048,2026-01-02,5.69,Ward-A,Home
C048,2026-01-03,6.82,Ward-A,Home
C048,2026-01-04,5.23,Ward-A,Home
C048,2026-01-05,4.64,Ward-A,Home
C048,2026-01-06,5.07,Ward-A,Home
C048,2026-01-07,6.28,Ward-A,Home
C048,2026-01-08,4.71,Ward-A,Home
C048,2026-01-09,4.59,Ward-A,Home
C048,2026-01-10,4.83,Ward-A,Home
C048,2026-01-11,4.46,Ward-A,Home
C048,2026-01-12,5.31,Ward-A,Home
C048,2026-01-13,6.48,Ward-A,Home
C049,2025-12-15,23.76,Ward-A,Small_Industry
C049,2025-12-16,27.05,Ward-A,Small_Industry
C049,2025-12-17,26.32,Ward-A,Small_Industry
C049,2025-12-18,25.0,Ward-A,Small_Industry
C049,2025-12-19,24.89,Ward-A,Small_Industry
C049,2025-12-20,22.35,Ward-A,Small_Industry
C049,2025-12-21,25.44,Ward-A,Small_Industry
C049,2025-12-22,28.44,Ward-A,Small_Industry
C049,2025-12-23,21.45,Ward-A,Small_Industry
C049,2025-12-24,25.1,Ward-A,Small_Industry
C049,2025-12-25,29.03,Ward-A,Small_Industry
C049,2025-12-26,27.03,Ward-A,Small_Industry
C049,2025-12-27,30.06,Ward-A,Small_Industry
C049,2025-12-28,22.98,Ward-A,Small_Industry
C049,2025-12-29,18.22,Ward-A,Small_Industry
C049,2025-12-30,25.88,Ward-A,Small_Industry
C049,2025-12-31,26.49,Ward-A,Small_Industry
C049,2026-01-01,30.28,Ward-A,Small_Industry
C049,2026-01-02,29.6,Ward-A,Small_Industry
C049,2026-01-03,27.14,Ward-A,Small_Industry
C049,2026-01-04,28.01,Ward-A,Small_Industry
C049,2026-01-05,24.4,Ward-A,Small_Industry
C049,2026-01-06,20.53,Ward-A,Small_Industry
C049,2026-01-07,25.57,Ward-A,Small_Industry
C049,2026-01-08,28.82,Ward-A,Small_Industry
C049,2026-01-09,27.6,Ward-A,Small_Industry
C049,2026-01-10,28.26,Ward-A,Small_Industry
C049,2026-01-11,23.51,Ward-A,Small_Industry
C049,2026-01-12,24.12,Ward-A,Small_Industry
C049,2026-01-13,26.94,Ward-A,Small_Industry
C050,2025-12-15,42.35,Ward-B,Small_Industry
C050,2025-12-16,41.89,Ward-B,Small_Industry
C050,2025-12-17,38.2,Ward-B,Small_Industry
C050,2025-12-18,47.42,Ward-B,Small_Industry
C050,2025-12-19,58.38,Ward-B,Small_Industry
C050,2025-12-20,37.45,Ward-B,Small_Industry
C050,2025-12-21,44.75,Ward-B,Small_Industry
C050,2025-12-22,54.03,Ward-B,Small_Industry
C050,2025-12-23,44.06,Ward-B,Small_Industry
C050,2025-12-24,47.61,Ward-B,Small_Industry
C050,2025-12-25,37.48,Ward-B,Small_Industry
C050,2025-12-26,47.45,Ward-B,Small_Industry
C050,2025-12-27,43.34,Ward-B,Small_Industry
C050,2025-12-28,51.18,Ward-B,Small_Industry
C050,2025-12-29,52.53,Ward-B,Small_Industry
C050,2025-12-30,61.91,Ward-B,Small_Industry
C050,2025-12-31,48.46,Ward-B,Small_Industry
C050,2026-01-01,46.77,Ward-B,Small_Industry
C050,2026-01-02,45.89,Ward-B,Small_Industry
C050,2026-01-03,42.23,Ward-B,Small_Industry
C050,2026-01-04,46.85,Ward-B,Small_Industry
C050,2026-01-05,42.61,Ward-B,Small_Industry
C050,2026-01-06,45.71,Ward-B,Small_Industry
C050,2026-01-07,53.4,Ward-B,Small_Industry
C050,2026-01-08,37.86,Ward-B,Small_Industry
C050,2026-01-09,52.21,Ward-B,Small_Industry
C050,2026-01-10,53.4,Ward-B,Small_Industry
C050,2026-01-11,43.8,Ward-B,Small_Industry
C050,2026-01-12,30.4,Ward-B,Small_Industry
C050,2026-01-13,40.52,Ward-B,Small_Industry
